id;fecha;dia;mes;anio;cuatrim;diasemana;esfinde
1;01/01/2018;1;1;2018;1;lunes;0
2;02/01/2018;2;1;2018;1;martes;0
3;03/01/2018;3;1;2018;1;miercoles;0
4;04/01/2018;4;1;2018;1;jueves;0
5;05/01/2018;5;1;2018;1;viernes;0
6;06/01/2018;6;1;2018;1;sabado;1
7;07/01/2018;7;1;2018;1;domingo;1
8;08/01/2018;8;1;2018;1;lunes;0
9;09/01/2018;9;1;2018;1;martes;0
10;10/01/2018;10;1;2018;1;miercoles;0
11;11/01/2018;11;1;2018;1;jueves;0
12;12/01/2018;12;1;2018;1;viernes;0
13;13/01/2018;13;1;2018;1;sabado;1
14;14/01/2018;14;1;2018;1;domingo;1
15;15/01/2018;15;1;2018;1;lunes;0
16;16/01/2018;16;1;2018;1;martes;0
17;17/01/2018;17;1;2018;1;miercoles;0
18;18/01/2018;18;1;2018;1;jueves;0
19;19/01/2018;19;1;2018;1;viernes;0
20;20/01/2018;20;1;2018;1;sabado;1
21;21/01/2018;21;1;2018;1;domingo;1
22;22/01/2018;22;1;2018;1;lunes;0
23;23/01/2018;23;1;2018;1;martes;0
24;24/01/2018;24;1;2018;1;miercoles;0
25;25/01/2018;25;1;2018;1;jueves;0
26;26/01/2018;26;1;2018;1;viernes;0
27;27/01/2018;27;1;2018;1;sabado;1
28;28/01/2018;28;1;2018;1;domingo;1
29;29/01/2018;29;1;2018;1;lunes;0
30;30/01/2018;30;1;2018;1;martes;0
31;31/01/2018;31;1;2018;1;miercoles;0
32;01/02/2018;1;2;2018;1;jueves;0
33;02/02/2018;2;2;2018;1;viernes;0
34;03/02/2018;3;2;2018;1;sabado;1
35;04/02/2018;4;2;2018;1;domingo;1
36;05/02/2018;5;2;2018;1;lunes;0
37;06/02/2018;6;2;2018;1;martes;0
38;07/02/2018;7;2;2018;1;miercoles;0
39;08/02/2018;8;2;2018;1;jueves;0
40;09/02/2018;9;2;2018;1;viernes;0
41;10/02/2018;10;2;2018;1;sabado;1
42;11/02/2018;11;2;2018;1;domingo;1
43;12/02/2018;12;2;2018;1;lunes;0
44;13/02/2018;13;2;2018;1;martes;0
45;14/02/2018;14;2;2018;1;miercoles;0
46;15/02/2018;15;2;2018;1;jueves;0
47;16/02/2018;16;2;2018;1;viernes;0
48;17/02/2018;17;2;2018;1;sabado;1
49;18/02/2018;18;2;2018;1;domingo;1
50;19/02/2018;19;2;2018;1;lunes;0
51;20/02/2018;20;2;2018;1;martes;0
52;21/02/2018;21;2;2018;1;miercoles;0
53;22/02/2018;22;2;2018;1;jueves;0
54;23/02/2018;23;2;2018;1;viernes;0
55;24/02/2018;24;2;2018;1;sabado;1
56;25/02/2018;25;2;2018;1;domingo;1
57;26/02/2018;26;2;2018;1;lunes;0
58;27/02/2018;27;2;2018;1;martes;0
59;28/02/2018;28;2;2018;1;miercoles;0
60;01/03/2018;1;3;2018;1;jueves;0
61;02/03/2018;2;3;2018;1;viernes;0
62;03/03/2018;3;3;2018;1;sabado;1
63;04/03/2018;4;3;2018;1;domingo;1
64;05/03/2018;5;3;2018;1;lunes;0
65;06/03/2018;6;3;2018;1;martes;0
66;07/03/2018;7;3;2018;1;miercoles;0
67;08/03/2018;8;3;2018;1;jueves;0
68;09/03/2018;9;3;2018;1;viernes;0
69;10/03/2018;10;3;2018;1;sabado;1
70;11/03/2018;11;3;2018;1;domingo;1
71;12/03/2018;12;3;2018;1;lunes;0
72;13/03/2018;13;3;2018;1;martes;0
73;14/03/2018;14;3;2018;1;miercoles;0
74;15/03/2018;15;3;2018;1;jueves;0
75;16/03/2018;16;3;2018;1;viernes;0
76;17/03/2018;17;3;2018;1;sabado;1
77;18/03/2018;18;3;2018;1;domingo;1
78;19/03/2018;19;3;2018;1;lunes;0
79;20/03/2018;20;3;2018;1;martes;0
80;21/03/2018;21;3;2018;1;miercoles;0
81;22/03/2018;22;3;2018;1;jueves;0
82;23/03/2018;23;3;2018;1;viernes;0
83;24/03/2018;24;3;2018;1;sabado;1
84;25/03/2018;25;3;2018;1;domingo;1
85;26/03/2018;26;3;2018;1;lunes;0
86;27/03/2018;27;3;2018;1;martes;0
87;28/03/2018;28;3;2018;1;miercoles;0
88;29/03/2018;29;3;2018;1;jueves;0
89;30/03/2018;30;3;2018;1;viernes;0
90;31/03/2018;31;3;2018;1;sabado;1
91;01/04/2018;1;4;2018;1;domingo;1
92;02/04/2018;2;4;2018;1;lunes;0
93;03/04/2018;3;4;2018;1;martes;0
94;04/04/2018;4;4;2018;1;miercoles;0
95;05/04/2018;5;4;2018;1;jueves;0
96;06/04/2018;6;4;2018;1;viernes;0
97;07/04/2018;7;4;2018;1;sabado;1
98;08/04/2018;8;4;2018;1;domingo;1
99;09/04/2018;9;4;2018;1;lunes;0
100;10/04/2018;10;4;2018;1;martes;0
101;11/04/2018;11;4;2018;1;miercoles;0
102;12/04/2018;12;4;2018;1;jueves;0
103;13/04/2018;13;4;2018;1;viernes;0
104;14/04/2018;14;4;2018;1;sabado;1
105;15/04/2018;15;4;2018;1;domingo;1
106;16/04/2018;16;4;2018;1;lunes;0
107;17/04/2018;17;4;2018;1;martes;0
108;18/04/2018;18;4;2018;1;miercoles;0
109;19/04/2018;19;4;2018;1;jueves;0
110;20/04/2018;20;4;2018;1;viernes;0
111;21/04/2018;21;4;2018;1;sabado;1
112;22/04/2018;22;4;2018;1;domingo;1
113;23/04/2018;23;4;2018;1;lunes;0
114;24/04/2018;24;4;2018;1;martes;0
115;25/04/2018;25;4;2018;1;miercoles;0
116;26/04/2018;26;4;2018;1;jueves;0
117;27/04/2018;27;4;2018;1;viernes;0
118;28/04/2018;28;4;2018;1;sabado;1
119;29/04/2018;29;4;2018;1;domingo;1
120;30/04/2018;30;4;2018;1;lunes;0
121;01/05/2018;1;5;2018;2;martes;0
122;02/05/2018;2;5;2018;2;miercoles;0
123;03/05/2018;3;5;2018;2;jueves;0
124;04/05/2018;4;5;2018;2;viernes;0
125;05/05/2018;5;5;2018;2;sabado;1
126;06/05/2018;6;5;2018;2;domingo;1
127;07/05/2018;7;5;2018;2;lunes;0
128;08/05/2018;8;5;2018;2;martes;0
129;09/05/2018;9;5;2018;2;miercoles;0
130;10/05/2018;10;5;2018;2;jueves;0
131;11/05/2018;11;5;2018;2;viernes;0
132;12/05/2018;12;5;2018;2;sabado;1
133;13/05/2018;13;5;2018;2;domingo;1
134;14/05/2018;14;5;2018;2;lunes;0
135;15/05/2018;15;5;2018;2;martes;0
136;16/05/2018;16;5;2018;2;miercoles;0
137;17/05/2018;17;5;2018;2;jueves;0
138;18/05/2018;18;5;2018;2;viernes;0
139;19/05/2018;19;5;2018;2;sabado;1
140;20/05/2018;20;5;2018;2;domingo;1
141;21/05/2018;21;5;2018;2;lunes;0
142;22/05/2018;22;5;2018;2;martes;0
143;23/05/2018;23;5;2018;2;miercoles;0
144;24/05/2018;24;5;2018;2;jueves;0
145;25/05/2018;25;5;2018;2;viernes;0
146;26/05/2018;26;5;2018;2;sabado;1
147;27/05/2018;27;5;2018;2;domingo;1
148;28/05/2018;28;5;2018;2;lunes;0
149;29/05/2018;29;5;2018;2;martes;0
150;30/05/2018;30;5;2018;2;miercoles;0
151;31/05/2018;31;5;2018;2;jueves;0
152;01/06/2018;1;6;2018;2;viernes;0
153;02/06/2018;2;6;2018;2;sabado;1
154;03/06/2018;3;6;2018;2;domingo;1
155;04/06/2018;4;6;2018;2;lunes;0
156;05/06/2018;5;6;2018;2;martes;0
157;06/06/2018;6;6;2018;2;miercoles;0
158;07/06/2018;7;6;2018;2;jueves;0
159;08/06/2018;8;6;2018;2;viernes;0
160;09/06/2018;9;6;2018;2;sabado;1
161;10/06/2018;10;6;2018;2;domingo;1
162;11/06/2018;11;6;2018;2;lunes;0
163;12/06/2018;12;6;2018;2;martes;0
164;13/06/2018;13;6;2018;2;miercoles;0
165;14/06/2018;14;6;2018;2;jueves;0
166;15/06/2018;15;6;2018;2;viernes;0
167;16/06/2018;16;6;2018;2;sabado;1
168;17/06/2018;17;6;2018;2;domingo;1
169;18/06/2018;18;6;2018;2;lunes;0
170;19/06/2018;19;6;2018;2;martes;0
171;20/06/2018;20;6;2018;2;miercoles;0
172;21/06/2018;21;6;2018;2;jueves;0
173;22/06/2018;22;6;2018;2;viernes;0
174;23/06/2018;23;6;2018;2;sabado;1
175;24/06/2018;24;6;2018;2;domingo;1
176;25/06/2018;25;6;2018;2;lunes;0
177;26/06/2018;26;6;2018;2;martes;0
178;27/06/2018;27;6;2018;2;miercoles;0
179;28/06/2018;28;6;2018;2;jueves;0
180;29/06/2018;29;6;2018;2;viernes;0
181;30/06/2018;30;6;2018;2;sabado;1
182;01/07/2018;1;7;2018;2;domingo;1
183;02/07/2018;2;7;2018;2;lunes;0
184;03/07/2018;3;7;2018;2;martes;0
185;04/07/2018;4;7;2018;2;miercoles;0
186;05/07/2018;5;7;2018;2;jueves;0
187;06/07/2018;6;7;2018;2;viernes;0
188;07/07/2018;7;7;2018;2;sabado;1
189;08/07/2018;8;7;2018;2;domingo;1
190;09/07/2018;9;7;2018;2;lunes;0
191;10/07/2018;10;7;2018;2;martes;0
192;11/07/2018;11;7;2018;2;miercoles;0
193;12/07/2018;12;7;2018;2;jueves;0
194;13/07/2018;13;7;2018;2;viernes;0
195;14/07/2018;14;7;2018;2;sabado;1
196;15/07/2018;15;7;2018;2;domingo;1
197;16/07/2018;16;7;2018;2;lunes;0
198;17/07/2018;17;7;2018;2;martes;0
199;18/07/2018;18;7;2018;2;miercoles;0
200;19/07/2018;19;7;2018;2;jueves;0
201;20/07/2018;20;7;2018;2;viernes;0
202;21/07/2018;21;7;2018;2;sabado;1
203;22/07/2018;22;7;2018;2;domingo;1
204;23/07/2018;23;7;2018;2;lunes;0
205;24/07/2018;24;7;2018;2;martes;0
206;25/07/2018;25;7;2018;2;miercoles;0
207;26/07/2018;26;7;2018;2;jueves;0
208;27/07/2018;27;7;2018;2;viernes;0
209;28/07/2018;28;7;2018;2;sabado;1
210;29/07/2018;29;7;2018;2;domingo;1
211;30/07/2018;30;7;2018;2;lunes;0
212;31/07/2018;31;7;2018;2;martes;0
213;01/08/2018;1;8;2018;2;miercoles;0
214;02/08/2018;2;8;2018;2;jueves;0
215;03/08/2018;3;8;2018;2;viernes;0
216;04/08/2018;4;8;2018;2;sabado;1
217;05/08/2018;5;8;2018;2;domingo;1
218;06/08/2018;6;8;2018;2;lunes;0
219;07/08/2018;7;8;2018;2;martes;0
220;08/08/2018;8;8;2018;2;miercoles;0
221;09/08/2018;9;8;2018;2;jueves;0
222;10/08/2018;10;8;2018;2;viernes;0
223;11/08/2018;11;8;2018;2;sabado;1
224;12/08/2018;12;8;2018;2;domingo;1
225;13/08/2018;13;8;2018;2;lunes;0
226;14/08/2018;14;8;2018;2;martes;0
227;15/08/2018;15;8;2018;2;miercoles;0
228;16/08/2018;16;8;2018;2;jueves;0
229;17/08/2018;17;8;2018;2;viernes;0
230;18/08/2018;18;8;2018;2;sabado;1
231;19/08/2018;19;8;2018;2;domingo;1
232;20/08/2018;20;8;2018;2;lunes;0
233;21/08/2018;21;8;2018;2;martes;0
234;22/08/2018;22;8;2018;2;miercoles;0
235;23/08/2018;23;8;2018;2;jueves;0
236;24/08/2018;24;8;2018;2;viernes;0
237;25/08/2018;25;8;2018;2;sabado;1
238;26/08/2018;26;8;2018;2;domingo;1
239;27/08/2018;27;8;2018;2;lunes;0
240;28/08/2018;28;8;2018;2;martes;0
241;29/08/2018;29;8;2018;2;miercoles;0
242;30/08/2018;30;8;2018;2;jueves;0
243;31/08/2018;31;8;2018;2;viernes;0
244;01/09/2018;1;9;2018;3;sabado;1
245;02/09/2018;2;9;2018;3;domingo;1
246;03/09/2018;3;9;2018;3;lunes;0
247;04/09/2018;4;9;2018;3;martes;0
248;05/09/2018;5;9;2018;3;miercoles;0
249;06/09/2018;6;9;2018;3;jueves;0
250;07/09/2018;7;9;2018;3;viernes;0
251;08/09/2018;8;9;2018;3;sabado;1
252;09/09/2018;9;9;2018;3;domingo;1
253;10/09/2018;10;9;2018;3;lunes;0
254;11/09/2018;11;9;2018;3;martes;0
255;12/09/2018;12;9;2018;3;miercoles;0
256;13/09/2018;13;9;2018;3;jueves;0
257;14/09/2018;14;9;2018;3;viernes;0
258;15/09/2018;15;9;2018;3;sabado;1
259;16/09/2018;16;9;2018;3;domingo;1
260;17/09/2018;17;9;2018;3;lunes;0
261;18/09/2018;18;9;2018;3;martes;0
262;19/09/2018;19;9;2018;3;miercoles;0
263;20/09/2018;20;9;2018;3;jueves;0
264;21/09/2018;21;9;2018;3;viernes;0
265;22/09/2018;22;9;2018;3;sabado;1
266;23/09/2018;23;9;2018;3;domingo;1
267;24/09/2018;24;9;2018;3;lunes;0
268;25/09/2018;25;9;2018;3;martes;0
269;26/09/2018;26;9;2018;3;miercoles;0
270;27/09/2018;27;9;2018;3;jueves;0
271;28/09/2018;28;9;2018;3;viernes;0
272;29/09/2018;29;9;2018;3;sabado;1
273;30/09/2018;30;9;2018;3;domingo;1
274;01/10/2018;1;10;2018;3;lunes;0
275;02/10/2018;2;10;2018;3;martes;0
276;03/10/2018;3;10;2018;3;miercoles;0
277;04/10/2018;4;10;2018;3;jueves;0
278;05/10/2018;5;10;2018;3;viernes;0
279;06/10/2018;6;10;2018;3;sabado;1
280;07/10/2018;7;10;2018;3;domingo;1
281;08/10/2018;8;10;2018;3;lunes;0
282;09/10/2018;9;10;2018;3;martes;0
283;10/10/2018;10;10;2018;3;miercoles;0
284;11/10/2018;11;10;2018;3;jueves;0
285;12/10/2018;12;10;2018;3;viernes;0
286;13/10/2018;13;10;2018;3;sabado;1
287;14/10/2018;14;10;2018;3;domingo;1
288;15/10/2018;15;10;2018;3;lunes;0
289;16/10/2018;16;10;2018;3;martes;0
290;17/10/2018;17;10;2018;3;miercoles;0
291;18/10/2018;18;10;2018;3;jueves;0
292;19/10/2018;19;10;2018;3;viernes;0
293;20/10/2018;20;10;2018;3;sabado;1
294;21/10/2018;21;10;2018;3;domingo;1
295;22/10/2018;22;10;2018;3;lunes;0
296;23/10/2018;23;10;2018;3;martes;0
297;24/10/2018;24;10;2018;3;miercoles;0
298;25/10/2018;25;10;2018;3;jueves;0
299;26/10/2018;26;10;2018;3;viernes;0
300;27/10/2018;27;10;2018;3;sabado;1
301;28/10/2018;28;10;2018;3;domingo;1
302;29/10/2018;29;10;2018;3;lunes;0
303;30/10/2018;30;10;2018;3;martes;0
304;31/10/2018;31;10;2018;3;miercoles;0
305;01/11/2018;1;11;2018;3;jueves;0
306;02/11/2018;2;11;2018;3;viernes;0
307;03/11/2018;3;11;2018;3;sabado;1
308;04/11/2018;4;11;2018;3;domingo;1
309;05/11/2018;5;11;2018;3;lunes;0
310;06/11/2018;6;11;2018;3;martes;0
311;07/11/2018;7;11;2018;3;miercoles;0
312;08/11/2018;8;11;2018;3;jueves;0
313;09/11/2018;9;11;2018;3;viernes;0
314;10/11/2018;10;11;2018;3;sabado;1
315;11/11/2018;11;11;2018;3;domingo;1
316;12/11/2018;12;11;2018;3;lunes;0
317;13/11/2018;13;11;2018;3;martes;0
318;14/11/2018;14;11;2018;3;miercoles;0
319;15/11/2018;15;11;2018;3;jueves;0
320;16/11/2018;16;11;2018;3;viernes;0
321;17/11/2018;17;11;2018;3;sabado;1
322;18/11/2018;18;11;2018;3;domingo;1
323;19/11/2018;19;11;2018;3;lunes;0
324;20/11/2018;20;11;2018;3;martes;0
325;21/11/2018;21;11;2018;3;miercoles;0
326;22/11/2018;22;11;2018;3;jueves;0
327;23/11/2018;23;11;2018;3;viernes;0
328;24/11/2018;24;11;2018;3;sabado;1
329;25/11/2018;25;11;2018;3;domingo;1
330;26/11/2018;26;11;2018;3;lunes;0
331;27/11/2018;27;11;2018;3;martes;0
332;28/11/2018;28;11;2018;3;miercoles;0
333;29/11/2018;29;11;2018;3;jueves;0
334;30/11/2018;30;11;2018;3;viernes;0
335;01/12/2018;1;12;2018;3;sabado;1
336;02/12/2018;2;12;2018;3;domingo;1
337;03/12/2018;3;12;2018;3;lunes;0
338;04/12/2018;4;12;2018;3;martes;0
339;05/12/2018;5;12;2018;3;miercoles;0
340;06/12/2018;6;12;2018;3;jueves;0
341;07/12/2018;7;12;2018;3;viernes;0
342;08/12/2018;8;12;2018;3;sabado;1
343;09/12/2018;9;12;2018;3;domingo;1
344;10/12/2018;10;12;2018;3;lunes;0
345;11/12/2018;11;12;2018;3;martes;0
346;12/12/2018;12;12;2018;3;miercoles;0
347;13/12/2018;13;12;2018;3;jueves;0
348;14/12/2018;14;12;2018;3;viernes;0
349;15/12/2018;15;12;2018;3;sabado;1
350;16/12/2018;16;12;2018;3;domingo;1
351;17/12/2018;17;12;2018;3;lunes;0
352;18/12/2018;18;12;2018;3;martes;0
353;19/12/2018;19;12;2018;3;miercoles;0
354;20/12/2018;20;12;2018;3;jueves;0
355;21/12/2018;21;12;2018;3;viernes;0
356;22/12/2018;22;12;2018;3;sabado;1
357;23/12/2018;23;12;2018;3;domingo;1
358;24/12/2018;24;12;2018;3;lunes;0
359;25/12/2018;25;12;2018;3;martes;0
360;26/12/2018;26;12;2018;3;miercoles;0
361;27/12/2018;27;12;2018;3;jueves;0
362;28/12/2018;28;12;2018;3;viernes;0
363;29/12/2018;29;12;2018;3;sabado;1
364;30/12/2018;30;12;2018;3;domingo;1
365;31/12/2018;31;12;2018;3;lunes;0
366;01/01/2019;1;1;2019;1;martes;0
367;02/01/2019;2;1;2019;1;miercoles;0
368;03/01/2019;3;1;2019;1;jueves;0
369;04/01/2019;4;1;2019;1;viernes;0
370;05/01/2019;5;1;2019;1;sabado;1
371;06/01/2019;6;1;2019;1;domingo;1
372;07/01/2019;7;1;2019;1;lunes;0
373;08/01/2019;8;1;2019;1;martes;0
374;09/01/2019;9;1;2019;1;miercoles;0
375;10/01/2019;10;1;2019;1;jueves;0
376;11/01/2019;11;1;2019;1;viernes;0
377;12/01/2019;12;1;2019;1;sabado;1
378;13/01/2019;13;1;2019;1;domingo;1
379;14/01/2019;14;1;2019;1;lunes;0
380;15/01/2019;15;1;2019;1;martes;0
381;16/01/2019;16;1;2019;1;miercoles;0
382;17/01/2019;17;1;2019;1;jueves;0
383;18/01/2019;18;1;2019;1;viernes;0
384;19/01/2019;19;1;2019;1;sabado;1
385;20/01/2019;20;1;2019;1;domingo;1
386;21/01/2019;21;1;2019;1;lunes;0
387;22/01/2019;22;1;2019;1;martes;0
388;23/01/2019;23;1;2019;1;miercoles;0
389;24/01/2019;24;1;2019;1;jueves;0
390;25/01/2019;25;1;2019;1;viernes;0
391;26/01/2019;26;1;2019;1;sabado;1
392;27/01/2019;27;1;2019;1;domingo;1
393;28/01/2019;28;1;2019;1;lunes;0
394;29/01/2019;29;1;2019;1;martes;0
395;30/01/2019;30;1;2019;1;miercoles;0
396;31/01/2019;31;1;2019;1;jueves;0
397;01/02/2019;1;2;2019;1;viernes;0
398;02/02/2019;2;2;2019;1;sabado;1
399;03/02/2019;3;2;2019;1;domingo;1
400;04/02/2019;4;2;2019;1;lunes;0
401;05/02/2019;5;2;2019;1;martes;0
402;06/02/2019;6;2;2019;1;miercoles;0
403;07/02/2019;7;2;2019;1;jueves;0
404;08/02/2019;8;2;2019;1;viernes;0
405;09/02/2019;9;2;2019;1;sabado;1
406;10/02/2019;10;2;2019;1;domingo;1
407;11/02/2019;11;2;2019;1;lunes;0
408;12/02/2019;12;2;2019;1;martes;0
409;13/02/2019;13;2;2019;1;miercoles;0
410;14/02/2019;14;2;2019;1;jueves;0
411;15/02/2019;15;2;2019;1;viernes;0
412;16/02/2019;16;2;2019;1;sabado;1
413;17/02/2019;17;2;2019;1;domingo;1
414;18/02/2019;18;2;2019;1;lunes;0
415;19/02/2019;19;2;2019;1;martes;0
416;20/02/2019;20;2;2019;1;miercoles;0
417;21/02/2019;21;2;2019;1;jueves;0
418;22/02/2019;22;2;2019;1;viernes;0
419;23/02/2019;23;2;2019;1;sabado;1
420;24/02/2019;24;2;2019;1;domingo;1
421;25/02/2019;25;2;2019;1;lunes;0
422;26/02/2019;26;2;2019;1;martes;0
423;27/02/2019;27;2;2019;1;miercoles;0
424;28/02/2019;28;2;2019;1;jueves;0
425;01/03/2019;1;3;2019;1;viernes;0
426;02/03/2019;2;3;2019;1;sabado;1
427;03/03/2019;3;3;2019;1;domingo;1
428;04/03/2019;4;3;2019;1;lunes;0
429;05/03/2019;5;3;2019;1;martes;0
430;06/03/2019;6;3;2019;1;miercoles;0
431;07/03/2019;7;3;2019;1;jueves;0
432;08/03/2019;8;3;2019;1;viernes;0
433;09/03/2019;9;3;2019;1;sabado;1
434;10/03/2019;10;3;2019;1;domingo;1
435;11/03/2019;11;3;2019;1;lunes;0
436;12/03/2019;12;3;2019;1;martes;0
437;13/03/2019;13;3;2019;1;miercoles;0
438;14/03/2019;14;3;2019;1;jueves;0
439;15/03/2019;15;3;2019;1;viernes;0
440;16/03/2019;16;3;2019;1;sabado;1
441;17/03/2019;17;3;2019;1;domingo;1
442;18/03/2019;18;3;2019;1;lunes;0
443;19/03/2019;19;3;2019;1;martes;0
444;20/03/2019;20;3;2019;1;miercoles;0
445;21/03/2019;21;3;2019;1;jueves;0
446;22/03/2019;22;3;2019;1;viernes;0
447;23/03/2019;23;3;2019;1;sabado;1
448;24/03/2019;24;3;2019;1;domingo;1
449;25/03/2019;25;3;2019;1;lunes;0
450;26/03/2019;26;3;2019;1;martes;0
451;27/03/2019;27;3;2019;1;miercoles;0
452;28/03/2019;28;3;2019;1;jueves;0
453;29/03/2019;29;3;2019;1;viernes;0
454;30/03/2019;30;3;2019;1;sabado;1
455;31/03/2019;31;3;2019;1;domingo;1
456;01/04/2019;1;4;2019;1;lunes;0
457;02/04/2019;2;4;2019;1;martes;0
458;03/04/2019;3;4;2019;1;miercoles;0
459;04/04/2019;4;4;2019;1;jueves;0
460;05/04/2019;5;4;2019;1;viernes;0
461;06/04/2019;6;4;2019;1;sabado;1
462;07/04/2019;7;4;2019;1;domingo;1
463;08/04/2019;8;4;2019;1;lunes;0
464;09/04/2019;9;4;2019;1;martes;0
465;10/04/2019;10;4;2019;1;miercoles;0
466;11/04/2019;11;4;2019;1;jueves;0
467;12/04/2019;12;4;2019;1;viernes;0
468;13/04/2019;13;4;2019;1;sabado;1
469;14/04/2019;14;4;2019;1;domingo;1
470;15/04/2019;15;4;2019;1;lunes;0
471;16/04/2019;16;4;2019;1;martes;0
472;17/04/2019;17;4;2019;1;miercoles;0
473;18/04/2019;18;4;2019;1;jueves;0
474;19/04/2019;19;4;2019;1;viernes;0
475;20/04/2019;20;4;2019;1;sabado;1
476;21/04/2019;21;4;2019;1;domingo;1
477;22/04/2019;22;4;2019;1;lunes;0
478;23/04/2019;23;4;2019;1;martes;0
479;24/04/2019;24;4;2019;1;miercoles;0
480;25/04/2019;25;4;2019;1;jueves;0
481;26/04/2019;26;4;2019;1;viernes;0
482;27/04/2019;27;4;2019;1;sabado;1
483;28/04/2019;28;4;2019;1;domingo;1
484;29/04/2019;29;4;2019;1;lunes;0
485;30/04/2019;30;4;2019;1;martes;0
486;01/05/2019;1;5;2019;2;miercoles;0
487;02/05/2019;2;5;2019;2;jueves;0
488;03/05/2019;3;5;2019;2;viernes;0
489;04/05/2019;4;5;2019;2;sabado;1
490;05/05/2019;5;5;2019;2;domingo;1
491;06/05/2019;6;5;2019;2;lunes;0
492;07/05/2019;7;5;2019;2;martes;0
493;08/05/2019;8;5;2019;2;miercoles;0
494;09/05/2019;9;5;2019;2;jueves;0
495;10/05/2019;10;5;2019;2;viernes;0
496;11/05/2019;11;5;2019;2;sabado;1
497;12/05/2019;12;5;2019;2;domingo;1
498;13/05/2019;13;5;2019;2;lunes;0
499;14/05/2019;14;5;2019;2;martes;0
500;15/05/2019;15;5;2019;2;miercoles;0
501;16/05/2019;16;5;2019;2;jueves;0
502;17/05/2019;17;5;2019;2;viernes;0
503;18/05/2019;18;5;2019;2;sabado;1
504;19/05/2019;19;5;2019;2;domingo;1
505;20/05/2019;20;5;2019;2;lunes;0
506;21/05/2019;21;5;2019;2;martes;0
507;22/05/2019;22;5;2019;2;miercoles;0
508;23/05/2019;23;5;2019;2;jueves;0
509;24/05/2019;24;5;2019;2;viernes;0
510;25/05/2019;25;5;2019;2;sabado;1
511;26/05/2019;26;5;2019;2;domingo;1
512;27/05/2019;27;5;2019;2;lunes;0
513;28/05/2019;28;5;2019;2;martes;0
514;29/05/2019;29;5;2019;2;miercoles;0
515;30/05/2019;30;5;2019;2;jueves;0
516;31/05/2019;31;5;2019;2;viernes;0
517;01/06/2019;1;6;2019;2;sabado;1
518;02/06/2019;2;6;2019;2;domingo;1
519;03/06/2019;3;6;2019;2;lunes;0
520;04/06/2019;4;6;2019;2;martes;0
521;05/06/2019;5;6;2019;2;miercoles;0
522;06/06/2019;6;6;2019;2;jueves;0
523;07/06/2019;7;6;2019;2;viernes;0
524;08/06/2019;8;6;2019;2;sabado;1
525;09/06/2019;9;6;2019;2;domingo;1
526;10/06/2019;10;6;2019;2;lunes;0
527;11/06/2019;11;6;2019;2;martes;0
528;12/06/2019;12;6;2019;2;miercoles;0
529;13/06/2019;13;6;2019;2;jueves;0
530;14/06/2019;14;6;2019;2;viernes;0
531;15/06/2019;15;6;2019;2;sabado;1
532;16/06/2019;16;6;2019;2;domingo;1
533;17/06/2019;17;6;2019;2;lunes;0
534;18/06/2019;18;6;2019;2;martes;0
535;19/06/2019;19;6;2019;2;miercoles;0
536;20/06/2019;20;6;2019;2;jueves;0
537;21/06/2019;21;6;2019;2;viernes;0
538;22/06/2019;22;6;2019;2;sabado;1
539;23/06/2019;23;6;2019;2;domingo;1
540;24/06/2019;24;6;2019;2;lunes;0
541;25/06/2019;25;6;2019;2;martes;0
542;26/06/2019;26;6;2019;2;miercoles;0
543;27/06/2019;27;6;2019;2;jueves;0
544;28/06/2019;28;6;2019;2;viernes;0
545;29/06/2019;29;6;2019;2;sabado;1
546;30/06/2019;30;6;2019;2;domingo;1
547;01/07/2019;1;7;2019;2;lunes;0
548;02/07/2019;2;7;2019;2;martes;0
549;03/07/2019;3;7;2019;2;miercoles;0
550;04/07/2019;4;7;2019;2;jueves;0
551;05/07/2019;5;7;2019;2;viernes;0
552;06/07/2019;6;7;2019;2;sabado;1
553;07/07/2019;7;7;2019;2;domingo;1
554;08/07/2019;8;7;2019;2;lunes;0
555;09/07/2019;9;7;2019;2;martes;0
556;10/07/2019;10;7;2019;2;miercoles;0
557;11/07/2019;11;7;2019;2;jueves;0
558;12/07/2019;12;7;2019;2;viernes;0
559;13/07/2019;13;7;2019;2;sabado;1
560;14/07/2019;14;7;2019;2;domingo;1
561;15/07/2019;15;7;2019;2;lunes;0
562;16/07/2019;16;7;2019;2;martes;0
563;17/07/2019;17;7;2019;2;miercoles;0
564;18/07/2019;18;7;2019;2;jueves;0
565;19/07/2019;19;7;2019;2;viernes;0
566;20/07/2019;20;7;2019;2;sabado;1
567;21/07/2019;21;7;2019;2;domingo;1
568;22/07/2019;22;7;2019;2;lunes;0
569;23/07/2019;23;7;2019;2;martes;0
570;24/07/2019;24;7;2019;2;miercoles;0
571;25/07/2019;25;7;2019;2;jueves;0
572;26/07/2019;26;7;2019;2;viernes;0
573;27/07/2019;27;7;2019;2;sabado;1
574;28/07/2019;28;7;2019;2;domingo;1
575;29/07/2019;29;7;2019;2;lunes;0
576;30/07/2019;30;7;2019;2;martes;0
577;31/07/2019;31;7;2019;2;miercoles;0
578;01/08/2019;1;8;2019;2;jueves;0
579;02/08/2019;2;8;2019;2;viernes;0
580;03/08/2019;3;8;2019;2;sabado;1
581;04/08/2019;4;8;2019;2;domingo;1
582;05/08/2019;5;8;2019;2;lunes;0
583;06/08/2019;6;8;2019;2;martes;0
584;07/08/2019;7;8;2019;2;miercoles;0
585;08/08/2019;8;8;2019;2;jueves;0
586;09/08/2019;9;8;2019;2;viernes;0
587;10/08/2019;10;8;2019;2;sabado;1
588;11/08/2019;11;8;2019;2;domingo;1
589;12/08/2019;12;8;2019;2;lunes;0
590;13/08/2019;13;8;2019;2;martes;0
591;14/08/2019;14;8;2019;2;miercoles;0
592;15/08/2019;15;8;2019;2;jueves;0
593;16/08/2019;16;8;2019;2;viernes;0
594;17/08/2019;17;8;2019;2;sabado;1
595;18/08/2019;18;8;2019;2;domingo;1
596;19/08/2019;19;8;2019;2;lunes;0
597;20/08/2019;20;8;2019;2;martes;0
598;21/08/2019;21;8;2019;2;miercoles;0
599;22/08/2019;22;8;2019;2;jueves;0
600;23/08/2019;23;8;2019;2;viernes;0
601;24/08/2019;24;8;2019;2;sabado;1
602;25/08/2019;25;8;2019;2;domingo;1
603;26/08/2019;26;8;2019;2;lunes;0
604;27/08/2019;27;8;2019;2;martes;0
605;28/08/2019;28;8;2019;2;miercoles;0
606;29/08/2019;29;8;2019;2;jueves;0
607;30/08/2019;30;8;2019;2;viernes;0
608;31/08/2019;31;8;2019;2;sabado;1
609;01/09/2019;1;9;2019;3;domingo;1
610;02/09/2019;2;9;2019;3;lunes;0
611;03/09/2019;3;9;2019;3;martes;0
612;04/09/2019;4;9;2019;3;miercoles;0
613;05/09/2019;5;9;2019;3;jueves;0
614;06/09/2019;6;9;2019;3;viernes;0
615;07/09/2019;7;9;2019;3;sabado;1
616;08/09/2019;8;9;2019;3;domingo;1
617;09/09/2019;9;9;2019;3;lunes;0
618;10/09/2019;10;9;2019;3;martes;0
619;11/09/2019;11;9;2019;3;miercoles;0
620;12/09/2019;12;9;2019;3;jueves;0
621;13/09/2019;13;9;2019;3;viernes;0
622;14/09/2019;14;9;2019;3;sabado;1
623;15/09/2019;15;9;2019;3;domingo;1
624;16/09/2019;16;9;2019;3;lunes;0
625;17/09/2019;17;9;2019;3;martes;0
626;18/09/2019;18;9;2019;3;miercoles;0
627;19/09/2019;19;9;2019;3;jueves;0
628;20/09/2019;20;9;2019;3;viernes;0
629;21/09/2019;21;9;2019;3;sabado;1
630;22/09/2019;22;9;2019;3;domingo;1
631;23/09/2019;23;9;2019;3;lunes;0
632;24/09/2019;24;9;2019;3;martes;0
633;25/09/2019;25;9;2019;3;miercoles;0
634;26/09/2019;26;9;2019;3;jueves;0
635;27/09/2019;27;9;2019;3;viernes;0
636;28/09/2019;28;9;2019;3;sabado;1
637;29/09/2019;29;9;2019;3;domingo;1
638;30/09/2019;30;9;2019;3;lunes;0
639;01/10/2019;1;10;2019;3;martes;0
640;02/10/2019;2;10;2019;3;miercoles;0
641;03/10/2019;3;10;2019;3;jueves;0
642;04/10/2019;4;10;2019;3;viernes;0
643;05/10/2019;5;10;2019;3;sabado;1
644;06/10/2019;6;10;2019;3;domingo;1
645;07/10/2019;7;10;2019;3;lunes;0
646;08/10/2019;8;10;2019;3;martes;0
647;09/10/2019;9;10;2019;3;miercoles;0
648;10/10/2019;10;10;2019;3;jueves;0
649;11/10/2019;11;10;2019;3;viernes;0
650;12/10/2019;12;10;2019;3;sabado;1
651;13/10/2019;13;10;2019;3;domingo;1
652;14/10/2019;14;10;2019;3;lunes;0
653;15/10/2019;15;10;2019;3;martes;0
654;16/10/2019;16;10;2019;3;miercoles;0
655;17/10/2019;17;10;2019;3;jueves;0
656;18/10/2019;18;10;2019;3;viernes;0
657;19/10/2019;19;10;2019;3;sabado;1
658;20/10/2019;20;10;2019;3;domingo;1
659;21/10/2019;21;10;2019;3;lunes;0
660;22/10/2019;22;10;2019;3;martes;0
661;23/10/2019;23;10;2019;3;miercoles;0
662;24/10/2019;24;10;2019;3;jueves;0
663;25/10/2019;25;10;2019;3;viernes;0
664;26/10/2019;26;10;2019;3;sabado;1
665;27/10/2019;27;10;2019;3;domingo;1
666;28/10/2019;28;10;2019;3;lunes;0
667;29/10/2019;29;10;2019;3;martes;0
668;30/10/2019;30;10;2019;3;miercoles;0
669;31/10/2019;31;10;2019;3;jueves;0
670;01/11/2019;1;11;2019;3;viernes;0
671;02/11/2019;2;11;2019;3;sabado;1
672;03/11/2019;3;11;2019;3;domingo;1
673;04/11/2019;4;11;2019;3;lunes;0
674;05/11/2019;5;11;2019;3;martes;0
675;06/11/2019;6;11;2019;3;miercoles;0
676;07/11/2019;7;11;2019;3;jueves;0
677;08/11/2019;8;11;2019;3;viernes;0
678;09/11/2019;9;11;2019;3;sabado;1
679;10/11/2019;10;11;2019;3;domingo;1
680;11/11/2019;11;11;2019;3;lunes;0
681;12/11/2019;12;11;2019;3;martes;0
682;13/11/2019;13;11;2019;3;miercoles;0
683;14/11/2019;14;11;2019;3;jueves;0
684;15/11/2019;15;11;2019;3;viernes;0
685;16/11/2019;16;11;2019;3;sabado;1
686;17/11/2019;17;11;2019;3;domingo;1
687;18/11/2019;18;11;2019;3;lunes;0
688;19/11/2019;19;11;2019;3;martes;0
689;20/11/2019;20;11;2019;3;miercoles;0
690;21/11/2019;21;11;2019;3;jueves;0
691;22/11/2019;22;11;2019;3;viernes;0
692;23/11/2019;23;11;2019;3;sabado;1
693;24/11/2019;24;11;2019;3;domingo;1
694;25/11/2019;25;11;2019;3;lunes;0
695;26/11/2019;26;11;2019;3;martes;0
696;27/11/2019;27;11;2019;3;miercoles;0
697;28/11/2019;28;11;2019;3;jueves;0
698;29/11/2019;29;11;2019;3;viernes;0
699;30/11/2019;30;11;2019;3;sabado;1
700;01/12/2019;1;12;2019;3;domingo;1
701;02/12/2019;2;12;2019;3;lunes;0
702;03/12/2019;3;12;2019;3;martes;0
703;04/12/2019;4;12;2019;3;miercoles;0
704;05/12/2019;5;12;2019;3;jueves;0
705;06/12/2019;6;12;2019;3;viernes;0
706;07/12/2019;7;12;2019;3;sabado;1
707;08/12/2019;8;12;2019;3;domingo;1
708;09/12/2019;9;12;2019;3;lunes;0
709;10/12/2019;10;12;2019;3;martes;0
710;11/12/2019;11;12;2019;3;miercoles;0
711;12/12/2019;12;12;2019;3;jueves;0
712;13/12/2019;13;12;2019;3;viernes;0
713;14/12/2019;14;12;2019;3;sabado;1
714;15/12/2019;15;12;2019;3;domingo;1
715;16/12/2019;16;12;2019;3;lunes;0
716;17/12/2019;17;12;2019;3;martes;0
717;18/12/2019;18;12;2019;3;miercoles;0
718;19/12/2019;19;12;2019;3;jueves;0
719;20/12/2019;20;12;2019;3;viernes;0
720;21/12/2019;21;12;2019;3;sabado;1
721;22/12/2019;22;12;2019;3;domingo;1
722;23/12/2019;23;12;2019;3;lunes;0
723;24/12/2019;24;12;2019;3;martes;0
724;25/12/2019;25;12;2019;3;miercoles;0
725;26/12/2019;26;12;2019;3;jueves;0
726;27/12/2019;27;12;2019;3;viernes;0
727;28/12/2019;28;12;2019;3;sabado;1
728;29/12/2019;29;12;2019;3;domingo;1
729;30/12/2019;30;12;2019;3;lunes;0
730;31/12/2019;31;12;2019;3;martes;0
731;01/01/2020;1;1;2020;1;miercoles;0
732;02/01/2020;2;1;2020;1;jueves;0
733;03/01/2020;3;1;2020;1;viernes;0
734;04/01/2020;4;1;2020;1;sabado;1
735;05/01/2020;5;1;2020;1;domingo;1
736;06/01/2020;6;1;2020;1;lunes;0
737;07/01/2020;7;1;2020;1;martes;0
738;08/01/2020;8;1;2020;1;miercoles;0
739;09/01/2020;9;1;2020;1;jueves;0
740;10/01/2020;10;1;2020;1;viernes;0
741;11/01/2020;11;1;2020;1;sabado;1
742;12/01/2020;12;1;2020;1;domingo;1
743;13/01/2020;13;1;2020;1;lunes;0
744;14/01/2020;14;1;2020;1;martes;0
745;15/01/2020;15;1;2020;1;miercoles;0
746;16/01/2020;16;1;2020;1;jueves;0
747;17/01/2020;17;1;2020;1;viernes;0
748;18/01/2020;18;1;2020;1;sabado;1
749;19/01/2020;19;1;2020;1;domingo;1
750;20/01/2020;20;1;2020;1;lunes;0
751;21/01/2020;21;1;2020;1;martes;0
752;22/01/2020;22;1;2020;1;miercoles;0
753;23/01/2020;23;1;2020;1;jueves;0
754;24/01/2020;24;1;2020;1;viernes;0
755;25/01/2020;25;1;2020;1;sabado;1
756;26/01/2020;26;1;2020;1;domingo;1
757;27/01/2020;27;1;2020;1;lunes;0
758;28/01/2020;28;1;2020;1;martes;0
759;29/01/2020;29;1;2020;1;miercoles;0
760;30/01/2020;30;1;2020;1;jueves;0
761;31/01/2020;31;1;2020;1;viernes;0
762;01/02/2020;1;2;2020;1;sabado;1
763;02/02/2020;2;2;2020;1;domingo;1
764;03/02/2020;3;2;2020;1;lunes;0
765;04/02/2020;4;2;2020;1;martes;0
766;05/02/2020;5;2;2020;1;miercoles;0
767;06/02/2020;6;2;2020;1;jueves;0
768;07/02/2020;7;2;2020;1;viernes;0
769;08/02/2020;8;2;2020;1;sabado;1
770;09/02/2020;9;2;2020;1;domingo;1
771;10/02/2020;10;2;2020;1;lunes;0
772;11/02/2020;11;2;2020;1;martes;0
773;12/02/2020;12;2;2020;1;miercoles;0
774;13/02/2020;13;2;2020;1;jueves;0
775;14/02/2020;14;2;2020;1;viernes;0
776;15/02/2020;15;2;2020;1;sabado;1
777;16/02/2020;16;2;2020;1;domingo;1
778;17/02/2020;17;2;2020;1;lunes;0
779;18/02/2020;18;2;2020;1;martes;0
780;19/02/2020;19;2;2020;1;miercoles;0
781;20/02/2020;20;2;2020;1;jueves;0
782;21/02/2020;21;2;2020;1;viernes;0
783;22/02/2020;22;2;2020;1;sabado;1
784;23/02/2020;23;2;2020;1;domingo;1
785;24/02/2020;24;2;2020;1;lunes;0
786;25/02/2020;25;2;2020;1;martes;0
787;26/02/2020;26;2;2020;1;miercoles;0
788;27/02/2020;27;2;2020;1;jueves;0
789;28/02/2020;28;2;2020;1;viernes;0
790;29/02/2020;29;2;2020;1;sabado;1
791;01/03/2020;1;3;2020;1;domingo;1
792;02/03/2020;2;3;2020;1;lunes;0
793;03/03/2020;3;3;2020;1;martes;0
794;04/03/2020;4;3;2020;1;miercoles;0
795;05/03/2020;5;3;2020;1;jueves;0
796;06/03/2020;6;3;2020;1;viernes;0
797;07/03/2020;7;3;2020;1;sabado;1
798;08/03/2020;8;3;2020;1;domingo;1
799;09/03/2020;9;3;2020;1;lunes;0
800;10/03/2020;10;3;2020;1;martes;0
801;11/03/2020;11;3;2020;1;miercoles;0
802;12/03/2020;12;3;2020;1;jueves;0
803;13/03/2020;13;3;2020;1;viernes;0
804;14/03/2020;14;3;2020;1;sabado;1
805;15/03/2020;15;3;2020;1;domingo;1
806;16/03/2020;16;3;2020;1;lunes;0
807;17/03/2020;17;3;2020;1;martes;0
808;18/03/2020;18;3;2020;1;miercoles;0
809;19/03/2020;19;3;2020;1;jueves;0
810;20/03/2020;20;3;2020;1;viernes;0
811;21/03/2020;21;3;2020;1;sabado;1
812;22/03/2020;22;3;2020;1;domingo;1
813;23/03/2020;23;3;2020;1;lunes;0
814;24/03/2020;24;3;2020;1;martes;0
815;25/03/2020;25;3;2020;1;miercoles;0
816;26/03/2020;26;3;2020;1;jueves;0
817;27/03/2020;27;3;2020;1;viernes;0
818;28/03/2020;28;3;2020;1;sabado;1
819;29/03/2020;29;3;2020;1;domingo;1
820;30/03/2020;30;3;2020;1;lunes;0
821;31/03/2020;31;3;2020;1;martes;0
822;01/04/2020;1;4;2020;1;miercoles;0
823;02/04/2020;2;4;2020;1;jueves;0
824;03/04/2020;3;4;2020;1;viernes;0
825;04/04/2020;4;4;2020;1;sabado;1
826;05/04/2020;5;4;2020;1;domingo;1
827;06/04/2020;6;4;2020;1;lunes;0
828;07/04/2020;7;4;2020;1;martes;0
829;08/04/2020;8;4;2020;1;miercoles;0
830;09/04/2020;9;4;2020;1;jueves;0
831;10/04/2020;10;4;2020;1;viernes;0
832;11/04/2020;11;4;2020;1;sabado;1
833;12/04/2020;12;4;2020;1;domingo;1
834;13/04/2020;13;4;2020;1;lunes;0
835;14/04/2020;14;4;2020;1;martes;0
836;15/04/2020;15;4;2020;1;miercoles;0
837;16/04/2020;16;4;2020;1;jueves;0
838;17/04/2020;17;4;2020;1;viernes;0
839;18/04/2020;18;4;2020;1;sabado;1
840;19/04/2020;19;4;2020;1;domingo;1
841;20/04/2020;20;4;2020;1;lunes;0
842;21/04/2020;21;4;2020;1;martes;0
843;22/04/2020;22;4;2020;1;miercoles;0
844;23/04/2020;23;4;2020;1;jueves;0
845;24/04/2020;24;4;2020;1;viernes;0
846;25/04/2020;25;4;2020;1;sabado;1
847;26/04/2020;26;4;2020;1;domingo;1
848;27/04/2020;27;4;2020;1;lunes;0
849;28/04/2020;28;4;2020;1;martes;0
850;29/04/2020;29;4;2020;1;miercoles;0
851;30/04/2020;30;4;2020;1;jueves;0
852;01/05/2020;1;5;2020;2;viernes;0
853;02/05/2020;2;5;2020;2;sabado;1
854;03/05/2020;3;5;2020;2;domingo;1
855;04/05/2020;4;5;2020;2;lunes;0
856;05/05/2020;5;5;2020;2;martes;0
857;06/05/2020;6;5;2020;2;miercoles;0
858;07/05/2020;7;5;2020;2;jueves;0
859;08/05/2020;8;5;2020;2;viernes;0
860;09/05/2020;9;5;2020;2;sabado;1
861;10/05/2020;10;5;2020;2;domingo;1
862;11/05/2020;11;5;2020;2;lunes;0
863;12/05/2020;12;5;2020;2;martes;0
864;13/05/2020;13;5;2020;2;miercoles;0
865;14/05/2020;14;5;2020;2;jueves;0
866;15/05/2020;15;5;2020;2;viernes;0
867;16/05/2020;16;5;2020;2;sabado;1
868;17/05/2020;17;5;2020;2;domingo;1
869;18/05/2020;18;5;2020;2;lunes;0
870;19/05/2020;19;5;2020;2;martes;0
871;20/05/2020;20;5;2020;2;miercoles;0
872;21/05/2020;21;5;2020;2;jueves;0
873;22/05/2020;22;5;2020;2;viernes;0
874;23/05/2020;23;5;2020;2;sabado;1
875;24/05/2020;24;5;2020;2;domingo;1
876;25/05/2020;25;5;2020;2;lunes;0
877;26/05/2020;26;5;2020;2;martes;0
878;27/05/2020;27;5;2020;2;miercoles;0
879;28/05/2020;28;5;2020;2;jueves;0
880;29/05/2020;29;5;2020;2;viernes;0
881;30/05/2020;30;5;2020;2;sabado;1
882;31/05/2020;31;5;2020;2;domingo;1
883;01/06/2020;1;6;2020;2;lunes;0
884;02/06/2020;2;6;2020;2;martes;0
885;03/06/2020;3;6;2020;2;miercoles;0
886;04/06/2020;4;6;2020;2;jueves;0
887;05/06/2020;5;6;2020;2;viernes;0
888;06/06/2020;6;6;2020;2;sabado;1
889;07/06/2020;7;6;2020;2;domingo;1
890;08/06/2020;8;6;2020;2;lunes;0
891;09/06/2020;9;6;2020;2;martes;0
892;10/06/2020;10;6;2020;2;miercoles;0
893;11/06/2020;11;6;2020;2;jueves;0
894;12/06/2020;12;6;2020;2;viernes;0
895;13/06/2020;13;6;2020;2;sabado;1
896;14/06/2020;14;6;2020;2;domingo;1
897;15/06/2020;15;6;2020;2;lunes;0
898;16/06/2020;16;6;2020;2;martes;0
899;17/06/2020;17;6;2020;2;miercoles;0
900;18/06/2020;18;6;2020;2;jueves;0
901;19/06/2020;19;6;2020;2;viernes;0
902;20/06/2020;20;6;2020;2;sabado;1
903;21/06/2020;21;6;2020;2;domingo;1
904;22/06/2020;22;6;2020;2;lunes;0
905;23/06/2020;23;6;2020;2;martes;0
906;24/06/2020;24;6;2020;2;miercoles;0
907;25/06/2020;25;6;2020;2;jueves;0
908;26/06/2020;26;6;2020;2;viernes;0
909;27/06/2020;27;6;2020;2;sabado;1
910;28/06/2020;28;6;2020;2;domingo;1
911;29/06/2020;29;6;2020;2;lunes;0
912;30/06/2020;30;6;2020;2;martes;0
913;01/07/2020;1;7;2020;2;miercoles;0
914;02/07/2020;2;7;2020;2;jueves;0
915;03/07/2020;3;7;2020;2;viernes;0
916;04/07/2020;4;7;2020;2;sabado;1
917;05/07/2020;5;7;2020;2;domingo;1
918;06/07/2020;6;7;2020;2;lunes;0
919;07/07/2020;7;7;2020;2;martes;0
920;08/07/2020;8;7;2020;2;miercoles;0
921;09/07/2020;9;7;2020;2;jueves;0
922;10/07/2020;10;7;2020;2;viernes;0
923;11/07/2020;11;7;2020;2;sabado;1
924;12/07/2020;12;7;2020;2;domingo;1
925;13/07/2020;13;7;2020;2;lunes;0
926;14/07/2020;14;7;2020;2;martes;0
927;15/07/2020;15;7;2020;2;miercoles;0
928;16/07/2020;16;7;2020;2;jueves;0
929;17/07/2020;17;7;2020;2;viernes;0
930;18/07/2020;18;7;2020;2;sabado;1
931;19/07/2020;19;7;2020;2;domingo;1
932;20/07/2020;20;7;2020;2;lunes;0
933;21/07/2020;21;7;2020;2;martes;0
934;22/07/2020;22;7;2020;2;miercoles;0
935;23/07/2020;23;7;2020;2;jueves;0
936;24/07/2020;24;7;2020;2;viernes;0
937;25/07/2020;25;7;2020;2;sabado;1
938;26/07/2020;26;7;2020;2;domingo;1
939;27/07/2020;27;7;2020;2;lunes;0
940;28/07/2020;28;7;2020;2;martes;0
941;29/07/2020;29;7;2020;2;miercoles;0
942;30/07/2020;30;7;2020;2;jueves;0
943;31/07/2020;31;7;2020;2;viernes;0
944;01/08/2020;1;8;2020;2;sabado;1
945;02/08/2020;2;8;2020;2;domingo;1
946;03/08/2020;3;8;2020;2;lunes;0
947;04/08/2020;4;8;2020;2;martes;0
948;05/08/2020;5;8;2020;2;miercoles;0
949;06/08/2020;6;8;2020;2;jueves;0
950;07/08/2020;7;8;2020;2;viernes;0
951;08/08/2020;8;8;2020;2;sabado;1
952;09/08/2020;9;8;2020;2;domingo;1
953;10/08/2020;10;8;2020;2;lunes;0
954;11/08/2020;11;8;2020;2;martes;0
955;12/08/2020;12;8;2020;2;miercoles;0
956;13/08/2020;13;8;2020;2;jueves;0
957;14/08/2020;14;8;2020;2;viernes;0
958;15/08/2020;15;8;2020;2;sabado;1
959;16/08/2020;16;8;2020;2;domingo;1
960;17/08/2020;17;8;2020;2;lunes;0
961;18/08/2020;18;8;2020;2;martes;0
962;19/08/2020;19;8;2020;2;miercoles;0
963;20/08/2020;20;8;2020;2;jueves;0
964;21/08/2020;21;8;2020;2;viernes;0
965;22/08/2020;22;8;2020;2;sabado;1
966;23/08/2020;23;8;2020;2;domingo;1
967;24/08/2020;24;8;2020;2;lunes;0
968;25/08/2020;25;8;2020;2;martes;0
969;26/08/2020;26;8;2020;2;miercoles;0
970;27/08/2020;27;8;2020;2;jueves;0
971;28/08/2020;28;8;2020;2;viernes;0
972;29/08/2020;29;8;2020;2;sabado;1
973;30/08/2020;30;8;2020;2;domingo;1
974;31/08/2020;31;8;2020;2;lunes;0
975;01/09/2020;1;9;2020;3;martes;0
976;02/09/2020;2;9;2020;3;miercoles;0
977;03/09/2020;3;9;2020;3;jueves;0
978;04/09/2020;4;9;2020;3;viernes;0
979;05/09/2020;5;9;2020;3;sabado;1
980;06/09/2020;6;9;2020;3;domingo;1
981;07/09/2020;7;9;2020;3;lunes;0
982;08/09/2020;8;9;2020;3;martes;0
983;09/09/2020;9;9;2020;3;miercoles;0
984;10/09/2020;10;9;2020;3;jueves;0
985;11/09/2020;11;9;2020;3;viernes;0
986;12/09/2020;12;9;2020;3;sabado;1
987;13/09/2020;13;9;2020;3;domingo;1
988;14/09/2020;14;9;2020;3;lunes;0
989;15/09/2020;15;9;2020;3;martes;0
990;16/09/2020;16;9;2020;3;miercoles;0
991;17/09/2020;17;9;2020;3;jueves;0
992;18/09/2020;18;9;2020;3;viernes;0
993;19/09/2020;19;9;2020;3;sabado;1
994;20/09/2020;20;9;2020;3;domingo;1
995;21/09/2020;21;9;2020;3;lunes;0
996;22/09/2020;22;9;2020;3;martes;0
997;23/09/2020;23;9;2020;3;miercoles;0
998;24/09/2020;24;9;2020;3;jueves;0
999;25/09/2020;25;9;2020;3;viernes;0
1000;26/09/2020;26;9;2020;3;sabado;1
1001;27/09/2020;27;9;2020;3;domingo;1
1002;28/09/2020;28;9;2020;3;lunes;0
1003;29/09/2020;29;9;2020;3;martes;0
1004;30/09/2020;30;9;2020;3;miercoles;0
1005;01/10/2020;1;10;2020;3;jueves;0
1006;02/10/2020;2;10;2020;3;viernes;0
1007;03/10/2020;3;10;2020;3;sabado;1
1008;04/10/2020;4;10;2020;3;domingo;1
1009;05/10/2020;5;10;2020;3;lunes;0
1010;06/10/2020;6;10;2020;3;martes;0
1011;07/10/2020;7;10;2020;3;miercoles;0
1012;08/10/2020;8;10;2020;3;jueves;0
1013;09/10/2020;9;10;2020;3;viernes;0
1014;10/10/2020;10;10;2020;3;sabado;1
1015;11/10/2020;11;10;2020;3;domingo;1
1016;12/10/2020;12;10;2020;3;lunes;0
1017;13/10/2020;13;10;2020;3;martes;0
1018;14/10/2020;14;10;2020;3;miercoles;0
1019;15/10/2020;15;10;2020;3;jueves;0
1020;16/10/2020;16;10;2020;3;viernes;0
1021;17/10/2020;17;10;2020;3;sabado;1
1022;18/10/2020;18;10;2020;3;domingo;1
1023;19/10/2020;19;10;2020;3;lunes;0
1024;20/10/2020;20;10;2020;3;martes;0
1025;21/10/2020;21;10;2020;3;miercoles;0
1026;22/10/2020;22;10;2020;3;jueves;0
1027;23/10/2020;23;10;2020;3;viernes;0
1028;24/10/2020;24;10;2020;3;sabado;1
1029;25/10/2020;25;10;2020;3;domingo;1
1030;26/10/2020;26;10;2020;3;lunes;0
1031;27/10/2020;27;10;2020;3;martes;0
1032;28/10/2020;28;10;2020;3;miercoles;0
1033;29/10/2020;29;10;2020;3;jueves;0
1034;30/10/2020;30;10;2020;3;viernes;0
1035;31/10/2020;31;10;2020;3;sabado;1
1036;01/11/2020;1;11;2020;3;domingo;1
1037;02/11/2020;2;11;2020;3;lunes;0
1038;03/11/2020;3;11;2020;3;martes;0
1039;04/11/2020;4;11;2020;3;miercoles;0
1040;05/11/2020;5;11;2020;3;jueves;0
1041;06/11/2020;6;11;2020;3;viernes;0
1042;07/11/2020;7;11;2020;3;sabado;1
1043;08/11/2020;8;11;2020;3;domingo;1
1044;09/11/2020;9;11;2020;3;lunes;0
1045;10/11/2020;10;11;2020;3;martes;0
1046;11/11/2020;11;11;2020;3;miercoles;0
1047;12/11/2020;12;11;2020;3;jueves;0
1048;13/11/2020;13;11;2020;3;viernes;0
1049;14/11/2020;14;11;2020;3;sabado;1
1050;15/11/2020;15;11;2020;3;domingo;1
1051;16/11/2020;16;11;2020;3;lunes;0
1052;17/11/2020;17;11;2020;3;martes;0
1053;18/11/2020;18;11;2020;3;miercoles;0
1054;19/11/2020;19;11;2020;3;jueves;0
1055;20/11/2020;20;11;2020;3;viernes;0
1056;21/11/2020;21;11;2020;3;sabado;1
1057;22/11/2020;22;11;2020;3;domingo;1
1058;23/11/2020;23;11;2020;3;lunes;0
1059;24/11/2020;24;11;2020;3;martes;0
1060;25/11/2020;25;11;2020;3;miercoles;0
1061;26/11/2020;26;11;2020;3;jueves;0
1062;27/11/2020;27;11;2020;3;viernes;0
1063;28/11/2020;28;11;2020;3;sabado;1
1064;29/11/2020;29;11;2020;3;domingo;1
1065;30/11/2020;30;11;2020;3;lunes;0
1066;01/12/2020;1;12;2020;3;martes;0
1067;02/12/2020;2;12;2020;3;miercoles;0
1068;03/12/2020;3;12;2020;3;jueves;0
1069;04/12/2020;4;12;2020;3;viernes;0
1070;05/12/2020;5;12;2020;3;sabado;1
1071;06/12/2020;6;12;2020;3;domingo;1
1072;07/12/2020;7;12;2020;3;lunes;0
1073;08/12/2020;8;12;2020;3;martes;0
1074;09/12/2020;9;12;2020;3;miercoles;0
1075;10/12/2020;10;12;2020;3;jueves;0
1076;11/12/2020;11;12;2020;3;viernes;0
1077;12/12/2020;12;12;2020;3;sabado;1
1078;13/12/2020;13;12;2020;3;domingo;1
1079;14/12/2020;14;12;2020;3;lunes;0
1080;15/12/2020;15;12;2020;3;martes;0
1081;16/12/2020;16;12;2020;3;miercoles;0
1082;17/12/2020;17;12;2020;3;jueves;0
1083;18/12/2020;18;12;2020;3;viernes;0
1084;19/12/2020;19;12;2020;3;sabado;1
1085;20/12/2020;20;12;2020;3;domingo;1
1086;21/12/2020;21;12;2020;3;lunes;0
1087;22/12/2020;22;12;2020;3;martes;0
1088;23/12/2020;23;12;2020;3;miercoles;0
1089;24/12/2020;24;12;2020;3;jueves;0
1090;25/12/2020;25;12;2020;3;viernes;0
1091;26/12/2020;26;12;2020;3;sabado;1
1092;27/12/2020;27;12;2020;3;domingo;1
1093;28/12/2020;28;12;2020;3;lunes;0
1094;29/12/2020;29;12;2020;3;martes;0
1095;30/12/2020;30;12;2020;3;miercoles;0
1096;31/12/2020;31;12;2020;3;jueves;0
1097;01/01/2021;1;1;2021;1;viernes;0
1098;02/01/2021;2;1;2021;1;sabado;1
1099;03/01/2021;3;1;2021;1;domingo;1
1100;04/01/2021;4;1;2021;1;lunes;0
1101;05/01/2021;5;1;2021;1;martes;0
1102;06/01/2021;6;1;2021;1;miercoles;0
1103;07/01/2021;7;1;2021;1;jueves;0
1104;08/01/2021;8;1;2021;1;viernes;0
1105;09/01/2021;9;1;2021;1;sabado;1
1106;10/01/2021;10;1;2021;1;domingo;1
1107;11/01/2021;11;1;2021;1;lunes;0
1108;12/01/2021;12;1;2021;1;martes;0
1109;13/01/2021;13;1;2021;1;miercoles;0
1110;14/01/2021;14;1;2021;1;jueves;0
1111;15/01/2021;15;1;2021;1;viernes;0
1112;16/01/2021;16;1;2021;1;sabado;1
1113;17/01/2021;17;1;2021;1;domingo;1
1114;18/01/2021;18;1;2021;1;lunes;0
1115;19/01/2021;19;1;2021;1;martes;0
1116;20/01/2021;20;1;2021;1;miercoles;0
1117;21/01/2021;21;1;2021;1;jueves;0
1118;22/01/2021;22;1;2021;1;viernes;0
1119;23/01/2021;23;1;2021;1;sabado;1
1120;24/01/2021;24;1;2021;1;domingo;1
1121;25/01/2021;25;1;2021;1;lunes;0
1122;26/01/2021;26;1;2021;1;martes;0
1123;27/01/2021;27;1;2021;1;miercoles;0
1124;28/01/2021;28;1;2021;1;jueves;0
1125;29/01/2021;29;1;2021;1;viernes;0
1126;30/01/2021;30;1;2021;1;sabado;1
1127;31/01/2021;31;1;2021;1;domingo;1
1128;01/02/2021;1;2;2021;1;lunes;0
1129;02/02/2021;2;2;2021;1;martes;0
1130;03/02/2021;3;2;2021;1;miercoles;0
1131;04/02/2021;4;2;2021;1;jueves;0
1132;05/02/2021;5;2;2021;1;viernes;0
1133;06/02/2021;6;2;2021;1;sabado;1
1134;07/02/2021;7;2;2021;1;domingo;1
1135;08/02/2021;8;2;2021;1;lunes;0
1136;09/02/2021;9;2;2021;1;martes;0
1137;10/02/2021;10;2;2021;1;miercoles;0
1138;11/02/2021;11;2;2021;1;jueves;0
1139;12/02/2021;12;2;2021;1;viernes;0
1140;13/02/2021;13;2;2021;1;sabado;1
1141;14/02/2021;14;2;2021;1;domingo;1
1142;15/02/2021;15;2;2021;1;lunes;0
1143;16/02/2021;16;2;2021;1;martes;0
1144;17/02/2021;17;2;2021;1;miercoles;0
1145;18/02/2021;18;2;2021;1;jueves;0
1146;19/02/2021;19;2;2021;1;viernes;0
1147;20/02/2021;20;2;2021;1;sabado;1
1148;21/02/2021;21;2;2021;1;domingo;1
1149;22/02/2021;22;2;2021;1;lunes;0
1150;23/02/2021;23;2;2021;1;martes;0
1151;24/02/2021;24;2;2021;1;miercoles;0
1152;25/02/2021;25;2;2021;1;jueves;0
1153;26/02/2021;26;2;2021;1;viernes;0
1154;27/02/2021;27;2;2021;1;sabado;1
1155;28/02/2021;28;2;2021;1;domingo;1
1156;01/03/2021;1;3;2021;1;lunes;0
1157;02/03/2021;2;3;2021;1;martes;0
1158;03/03/2021;3;3;2021;1;miercoles;0
1159;04/03/2021;4;3;2021;1;jueves;0
1160;05/03/2021;5;3;2021;1;viernes;0
1161;06/03/2021;6;3;2021;1;sabado;1
1162;07/03/2021;7;3;2021;1;domingo;1
1163;08/03/2021;8;3;2021;1;lunes;0
1164;09/03/2021;9;3;2021;1;martes;0
1165;10/03/2021;10;3;2021;1;miercoles;0
1166;11/03/2021;11;3;2021;1;jueves;0
1167;12/03/2021;12;3;2021;1;viernes;0
1168;13/03/2021;13;3;2021;1;sabado;1
1169;14/03/2021;14;3;2021;1;domingo;1
1170;15/03/2021;15;3;2021;1;lunes;0
1171;16/03/2021;16;3;2021;1;martes;0
1172;17/03/2021;17;3;2021;1;miercoles;0
1173;18/03/2021;18;3;2021;1;jueves;0
1174;19/03/2021;19;3;2021;1;viernes;0
1175;20/03/2021;20;3;2021;1;sabado;1
1176;21/03/2021;21;3;2021;1;domingo;1
1177;22/03/2021;22;3;2021;1;lunes;0
1178;23/03/2021;23;3;2021;1;martes;0
1179;24/03/2021;24;3;2021;1;miercoles;0
1180;25/03/2021;25;3;2021;1;jueves;0
1181;26/03/2021;26;3;2021;1;viernes;0
1182;27/03/2021;27;3;2021;1;sabado;1
1183;28/03/2021;28;3;2021;1;domingo;1
1184;29/03/2021;29;3;2021;1;lunes;0
1185;30/03/2021;30;3;2021;1;martes;0
1186;31/03/2021;31;3;2021;1;miercoles;0
1187;01/04/2021;1;4;2021;1;jueves;0
1188;02/04/2021;2;4;2021;1;viernes;0
1189;03/04/2021;3;4;2021;1;sabado;1
1190;04/04/2021;4;4;2021;1;domingo;1
1191;05/04/2021;5;4;2021;1;lunes;0
1192;06/04/2021;6;4;2021;1;martes;0
1193;07/04/2021;7;4;2021;1;miercoles;0
1194;08/04/2021;8;4;2021;1;jueves;0
1195;09/04/2021;9;4;2021;1;viernes;0
1196;10/04/2021;10;4;2021;1;sabado;1
1197;11/04/2021;11;4;2021;1;domingo;1
1198;12/04/2021;12;4;2021;1;lunes;0
1199;13/04/2021;13;4;2021;1;martes;0
1200;14/04/2021;14;4;2021;1;miercoles;0
1201;15/04/2021;15;4;2021;1;jueves;0
1202;16/04/2021;16;4;2021;1;viernes;0
1203;17/04/2021;17;4;2021;1;sabado;1
1204;18/04/2021;18;4;2021;1;domingo;1
1205;19/04/2021;19;4;2021;1;lunes;0
1206;20/04/2021;20;4;2021;1;martes;0
1207;21/04/2021;21;4;2021;1;miercoles;0
1208;22/04/2021;22;4;2021;1;jueves;0
1209;23/04/2021;23;4;2021;1;viernes;0
1210;24/04/2021;24;4;2021;1;sabado;1
1211;25/04/2021;25;4;2021;1;domingo;1
1212;26/04/2021;26;4;2021;1;lunes;0
1213;27/04/2021;27;4;2021;1;martes;0
1214;28/04/2021;28;4;2021;1;miercoles;0
1215;29/04/2021;29;4;2021;1;jueves;0
1216;30/04/2021;30;4;2021;1;viernes;0
1217;01/05/2021;1;5;2021;2;sabado;1
1218;02/05/2021;2;5;2021;2;domingo;1
1219;03/05/2021;3;5;2021;2;lunes;0
1220;04/05/2021;4;5;2021;2;martes;0
1221;05/05/2021;5;5;2021;2;miercoles;0
1222;06/05/2021;6;5;2021;2;jueves;0
1223;07/05/2021;7;5;2021;2;viernes;0
1224;08/05/2021;8;5;2021;2;sabado;1
1225;09/05/2021;9;5;2021;2;domingo;1
1226;10/05/2021;10;5;2021;2;lunes;0
1227;11/05/2021;11;5;2021;2;martes;0
1228;12/05/2021;12;5;2021;2;miercoles;0
1229;13/05/2021;13;5;2021;2;jueves;0
1230;14/05/2021;14;5;2021;2;viernes;0
1231;15/05/2021;15;5;2021;2;sabado;1
1232;16/05/2021;16;5;2021;2;domingo;1
1233;17/05/2021;17;5;2021;2;lunes;0
1234;18/05/2021;18;5;2021;2;martes;0
1235;19/05/2021;19;5;2021;2;miercoles;0
1236;20/05/2021;20;5;2021;2;jueves;0
1237;21/05/2021;21;5;2021;2;viernes;0
1238;22/05/2021;22;5;2021;2;sabado;1
1239;23/05/2021;23;5;2021;2;domingo;1
1240;24/05/2021;24;5;2021;2;lunes;0
1241;25/05/2021;25;5;2021;2;martes;0
1242;26/05/2021;26;5;2021;2;miercoles;0
1243;27/05/2021;27;5;2021;2;jueves;0
1244;28/05/2021;28;5;2021;2;viernes;0
1245;29/05/2021;29;5;2021;2;sabado;1
1246;30/05/2021;30;5;2021;2;domingo;1
1247;31/05/2021;31;5;2021;2;lunes;0
1248;01/06/2021;1;6;2021;2;martes;0
1249;02/06/2021;2;6;2021;2;miercoles;0
1250;03/06/2021;3;6;2021;2;jueves;0
1251;04/06/2021;4;6;2021;2;viernes;0
1252;05/06/2021;5;6;2021;2;sabado;1
1253;06/06/2021;6;6;2021;2;domingo;1
1254;07/06/2021;7;6;2021;2;lunes;0
1255;08/06/2021;8;6;2021;2;martes;0
1256;09/06/2021;9;6;2021;2;miercoles;0
1257;10/06/2021;10;6;2021;2;jueves;0
1258;11/06/2021;11;6;2021;2;viernes;0
1259;12/06/2021;12;6;2021;2;sabado;1
1260;13/06/2021;13;6;2021;2;domingo;1
1261;14/06/2021;14;6;2021;2;lunes;0
1262;15/06/2021;15;6;2021;2;martes;0
1263;16/06/2021;16;6;2021;2;miercoles;0
1264;17/06/2021;17;6;2021;2;jueves;0
1265;18/06/2021;18;6;2021;2;viernes;0
1266;19/06/2021;19;6;2021;2;sabado;1
1267;20/06/2021;20;6;2021;2;domingo;1
1268;21/06/2021;21;6;2021;2;lunes;0
1269;22/06/2021;22;6;2021;2;martes;0
1270;23/06/2021;23;6;2021;2;miercoles;0
1271;24/06/2021;24;6;2021;2;jueves;0
1272;25/06/2021;25;6;2021;2;viernes;0
1273;26/06/2021;26;6;2021;2;sabado;1
1274;27/06/2021;27;6;2021;2;domingo;1
1275;28/06/2021;28;6;2021;2;lunes;0
1276;29/06/2021;29;6;2021;2;martes;0
1277;30/06/2021;30;6;2021;2;miercoles;0
1278;01/07/2021;1;7;2021;2;jueves;0
1279;02/07/2021;2;7;2021;2;viernes;0
1280;03/07/2021;3;7;2021;2;sabado;1
1281;04/07/2021;4;7;2021;2;domingo;1
1282;05/07/2021;5;7;2021;2;lunes;0
1283;06/07/2021;6;7;2021;2;martes;0
1284;07/07/2021;7;7;2021;2;miercoles;0
1285;08/07/2021;8;7;2021;2;jueves;0
1286;09/07/2021;9;7;2021;2;viernes;0
1287;10/07/2021;10;7;2021;2;sabado;1
1288;11/07/2021;11;7;2021;2;domingo;1
1289;12/07/2021;12;7;2021;2;lunes;0
1290;13/07/2021;13;7;2021;2;martes;0
1291;14/07/2021;14;7;2021;2;miercoles;0
1292;15/07/2021;15;7;2021;2;jueves;0
1293;16/07/2021;16;7;2021;2;viernes;0
1294;17/07/2021;17;7;2021;2;sabado;1
1295;18/07/2021;18;7;2021;2;domingo;1
1296;19/07/2021;19;7;2021;2;lunes;0
1297;20/07/2021;20;7;2021;2;martes;0
1298;21/07/2021;21;7;2021;2;miercoles;0
1299;22/07/2021;22;7;2021;2;jueves;0
1300;23/07/2021;23;7;2021;2;viernes;0
1301;24/07/2021;24;7;2021;2;sabado;1
1302;25/07/2021;25;7;2021;2;domingo;1
1303;26/07/2021;26;7;2021;2;lunes;0
1304;27/07/2021;27;7;2021;2;martes;0
1305;28/07/2021;28;7;2021;2;miercoles;0
1306;29/07/2021;29;7;2021;2;jueves;0
1307;30/07/2021;30;7;2021;2;viernes;0
1308;31/07/2021;31;7;2021;2;sabado;1
1309;01/08/2021;1;8;2021;2;domingo;1
1310;02/08/2021;2;8;2021;2;lunes;0
1311;03/08/2021;3;8;2021;2;martes;0
1312;04/08/2021;4;8;2021;2;miercoles;0
1313;05/08/2021;5;8;2021;2;jueves;0
1314;06/08/2021;6;8;2021;2;viernes;0
1315;07/08/2021;7;8;2021;2;sabado;1
1316;08/08/2021;8;8;2021;2;domingo;1
1317;09/08/2021;9;8;2021;2;lunes;0
1318;10/08/2021;10;8;2021;2;martes;0
1319;11/08/2021;11;8;2021;2;miercoles;0
1320;12/08/2021;12;8;2021;2;jueves;0
1321;13/08/2021;13;8;2021;2;viernes;0
1322;14/08/2021;14;8;2021;2;sabado;1
1323;15/08/2021;15;8;2021;2;domingo;1
1324;16/08/2021;16;8;2021;2;lunes;0
1325;17/08/2021;17;8;2021;2;martes;0
1326;18/08/2021;18;8;2021;2;miercoles;0
1327;19/08/2021;19;8;2021;2;jueves;0
1328;20/08/2021;20;8;2021;2;viernes;0
1329;21/08/2021;21;8;2021;2;sabado;1
1330;22/08/2021;22;8;2021;2;domingo;1
1331;23/08/2021;23;8;2021;2;lunes;0
1332;24/08/2021;24;8;2021;2;martes;0
1333;25/08/2021;25;8;2021;2;miercoles;0
1334;26/08/2021;26;8;2021;2;jueves;0
1335;27/08/2021;27;8;2021;2;viernes;0
1336;28/08/2021;28;8;2021;2;sabado;1
1337;29/08/2021;29;8;2021;2;domingo;1
1338;30/08/2021;30;8;2021;2;lunes;0
1339;31/08/2021;31;8;2021;2;martes;0
1340;01/09/2021;1;9;2021;3;miercoles;0
1341;02/09/2021;2;9;2021;3;jueves;0
1342;03/09/2021;3;9;2021;3;viernes;0
1343;04/09/2021;4;9;2021;3;sabado;1
1344;05/09/2021;5;9;2021;3;domingo;1
1345;06/09/2021;6;9;2021;3;lunes;0
1346;07/09/2021;7;9;2021;3;martes;0
1347;08/09/2021;8;9;2021;3;miercoles;0
1348;09/09/2021;9;9;2021;3;jueves;0
1349;10/09/2021;10;9;2021;3;viernes;0
1350;11/09/2021;11;9;2021;3;sabado;1
1351;12/09/2021;12;9;2021;3;domingo;1
1352;13/09/2021;13;9;2021;3;lunes;0
1353;14/09/2021;14;9;2021;3;martes;0
1354;15/09/2021;15;9;2021;3;miercoles;0
1355;16/09/2021;16;9;2021;3;jueves;0
1356;17/09/2021;17;9;2021;3;viernes;0
1357;18/09/2021;18;9;2021;3;sabado;1
1358;19/09/2021;19;9;2021;3;domingo;1
1359;20/09/2021;20;9;2021;3;lunes;0
1360;21/09/2021;21;9;2021;3;martes;0
1361;22/09/2021;22;9;2021;3;miercoles;0
1362;23/09/2021;23;9;2021;3;jueves;0
1363;24/09/2021;24;9;2021;3;viernes;0
1364;25/09/2021;25;9;2021;3;sabado;1
1365;26/09/2021;26;9;2021;3;domingo;1
1366;27/09/2021;27;9;2021;3;lunes;0
1367;28/09/2021;28;9;2021;3;martes;0
1368;29/09/2021;29;9;2021;3;miercoles;0
1369;30/09/2021;30;9;2021;3;jueves;0
1370;01/10/2021;1;10;2021;3;viernes;0
1371;02/10/2021;2;10;2021;3;sabado;1
1372;03/10/2021;3;10;2021;3;domingo;1
1373;04/10/2021;4;10;2021;3;lunes;0
1374;05/10/2021;5;10;2021;3;martes;0
1375;06/10/2021;6;10;2021;3;miercoles;0
1376;07/10/2021;7;10;2021;3;jueves;0
1377;08/10/2021;8;10;2021;3;viernes;0
1378;09/10/2021;9;10;2021;3;sabado;1
1379;10/10/2021;10;10;2021;3;domingo;1
1380;11/10/2021;11;10;2021;3;lunes;0
1381;12/10/2021;12;10;2021;3;martes;0
1382;13/10/2021;13;10;2021;3;miercoles;0
1383;14/10/2021;14;10;2021;3;jueves;0
1384;15/10/2021;15;10;2021;3;viernes;0
1385;16/10/2021;16;10;2021;3;sabado;1
1386;17/10/2021;17;10;2021;3;domingo;1
1387;18/10/2021;18;10;2021;3;lunes;0
1388;19/10/2021;19;10;2021;3;martes;0
1389;20/10/2021;20;10;2021;3;miercoles;0
1390;21/10/2021;21;10;2021;3;jueves;0
1391;22/10/2021;22;10;2021;3;viernes;0
1392;23/10/2021;23;10;2021;3;sabado;1
1393;24/10/2021;24;10;2021;3;domingo;1
1394;25/10/2021;25;10;2021;3;lunes;0
1395;26/10/2021;26;10;2021;3;martes;0
1396;27/10/2021;27;10;2021;3;miercoles;0
1397;28/10/2021;28;10;2021;3;jueves;0
1398;29/10/2021;29;10;2021;3;viernes;0
1399;30/10/2021;30;10;2021;3;sabado;1
1400;31/10/2021;31;10;2021;3;domingo;1
1401;01/11/2021;1;11;2021;3;lunes;0
1402;02/11/2021;2;11;2021;3;martes;0
1403;03/11/2021;3;11;2021;3;miercoles;0
1404;04/11/2021;4;11;2021;3;jueves;0
1405;05/11/2021;5;11;2021;3;viernes;0
1406;06/11/2021;6;11;2021;3;sabado;1
1407;07/11/2021;7;11;2021;3;domingo;1
1408;08/11/2021;8;11;2021;3;lunes;0
1409;09/11/2021;9;11;2021;3;martes;0
1410;10/11/2021;10;11;2021;3;miercoles;0
1411;11/11/2021;11;11;2021;3;jueves;0
1412;12/11/2021;12;11;2021;3;viernes;0
1413;13/11/2021;13;11;2021;3;sabado;1
1414;14/11/2021;14;11;2021;3;domingo;1
1415;15/11/2021;15;11;2021;3;lunes;0
1416;16/11/2021;16;11;2021;3;martes;0
1417;17/11/2021;17;11;2021;3;miercoles;0
1418;18/11/2021;18;11;2021;3;jueves;0
1419;19/11/2021;19;11;2021;3;viernes;0
1420;20/11/2021;20;11;2021;3;sabado;1
1421;21/11/2021;21;11;2021;3;domingo;1
1422;22/11/2021;22;11;2021;3;lunes;0
1423;23/11/2021;23;11;2021;3;martes;0
1424;24/11/2021;24;11;2021;3;miercoles;0
1425;25/11/2021;25;11;2021;3;jueves;0
1426;26/11/2021;26;11;2021;3;viernes;0
1427;27/11/2021;27;11;2021;3;sabado;1
1428;28/11/2021;28;11;2021;3;domingo;1
1429;29/11/2021;29;11;2021;3;lunes;0
1430;30/11/2021;30;11;2021;3;martes;0
1431;01/12/2021;1;12;2021;3;miercoles;0
1432;02/12/2021;2;12;2021;3;jueves;0
1433;03/12/2021;3;12;2021;3;viernes;0
1434;04/12/2021;4;12;2021;3;sabado;1
1435;05/12/2021;5;12;2021;3;domingo;1
1436;06/12/2021;6;12;2021;3;lunes;0
1437;07/12/2021;7;12;2021;3;martes;0
1438;08/12/2021;8;12;2021;3;miercoles;0
1439;09/12/2021;9;12;2021;3;jueves;0
1440;10/12/2021;10;12;2021;3;viernes;0
1441;11/12/2021;11;12;2021;3;sabado;1
1442;12/12/2021;12;12;2021;3;domingo;1
1443;13/12/2021;13;12;2021;3;lunes;0
1444;14/12/2021;14;12;2021;3;martes;0
1445;15/12/2021;15;12;2021;3;miercoles;0
1446;16/12/2021;16;12;2021;3;jueves;0
1447;17/12/2021;17;12;2021;3;viernes;0
1448;18/12/2021;18;12;2021;3;sabado;1
1449;19/12/2021;19;12;2021;3;domingo;1
1450;20/12/2021;20;12;2021;3;lunes;0
1451;21/12/2021;21;12;2021;3;martes;0
1452;22/12/2021;22;12;2021;3;miercoles;0
1453;23/12/2021;23;12;2021;3;jueves;0
1454;24/12/2021;24;12;2021;3;viernes;0
1455;25/12/2021;25;12;2021;3;sabado;1
1456;26/12/2021;26;12;2021;3;domingo;1
1457;27/12/2021;27;12;2021;3;lunes;0
1458;28/12/2021;28;12;2021;3;martes;0
1459;29/12/2021;29;12;2021;3;miercoles;0
1460;30/12/2021;30;12;2021;3;jueves;0
1461;31/12/2021;31;12;2021;3;viernes;0
